,sen1_hash_count,sen2_hash_count
0,1.60943791243,1.60943791243
1,1.60943791243,1.60943791243
2,1.60943791243,1.60943791243
3,1.60943791243,1.60943791243
4,0.0,0.0
