,min_pos_s1_in_s2,max_pos_s1_in_s2,mean_pos_s1_in_s2,median_pos_s1_in_s2,std_pos_s1_in_s2,min_pos_s2_in_s1,max_pos_s2_in_s1,mean_pos_s2_in_s1,median_pos_s2_in_s1,std_pos_s2_in_s1
0,1.0,3.0,2.0,3.0,1.0,1.0,3.0,2.0,3.0,1.0
1,1.0,3.0,2.0,2.0,0.816496580927726,2.0,4.0,3.0,3.0,0.816496580927726
2,2.0,2.0,2.0,2.0,0.0,2.0,2.0,2.0,2.0,0.0
3,1.0,3.0,2.0,3.0,1.0,1.0,3.0,2.0,3.0,1.0
4,1.0,4.0,2.6666666666666665,3.0,1.247219128924647,1.0,5.0,3.0,3.0,1.632993161855452
