,min_pos_s1_in_s2_norm,max_pos_s1_in_s2_norm,mean_pos_s1_in_s2_norm,median_pos_s1_in_s2_norm,std_pos_s1_in_s2_norm,min_pos_s2_in_s1_norm,max_pos_s2_in_s1_norm,mean_pos_s2_in_s1_norm,median_pos_s2_in_s1_norm,std_pos_s2_in_s1_norm
0,0.3333333333333333,1.0,0.6666666666666666,1.0,0.3333333333333333,0.3333333333333333,1.0,0.6666666666666666,1.0,0.3333333333333333
1,0.25,0.75,0.5,0.5,0.2041241452319315,0.5,1.0,0.75,0.75,0.2041241452319315
2,0.6666666666666666,0.6666666666666666,0.6666666666666666,0.6666666666666666,0.0,0.6666666666666666,0.6666666666666666,0.6666666666666666,0.6666666666666666,0.0
3,0.25,0.75,0.5,0.75,0.25,0.25,0.75,0.5,0.75,0.25
4,0.2,0.8,0.5333333333333333,0.6,0.2494438257849294,0.25,1.25,0.75,0.75,0.408248290463863
