,min_s1_idfs,max_s1_idfs,mean_s1_idfs,median_s1_idfs,std_s1_idfs,min_s2_idfs,max_s2_idfs,mean_s2_idfs,median_s2_idfs,std_s2_idfs
0,0.0,1.60943791243,0.902683400367,1.60943791243,0.671497677061,0.0,1.60943791243,0.902683400367,1.60943791243,0.671497677061
1,1.09861228867,1.60943791243,1.22631869461,1.09861228867,0.221193983543,1.09861228867,1.60943791243,1.22631869461,1.09861228867,0.221193983543
2,1.09861228867,1.60943791243,1.43916270451,1.09861228867,0.240805508379,1.09861228867,1.60943791243,1.43916270451,1.09861228867,0.240805508379
3,0.0,1.60943791243,1.07937202838,1.09861228867,0.657144171043,0.0,1.60943791243,1.07937202838,1.09861228867,0.657144171043
4,0.0,1.60943791243,1.08322008044,1.09861228867,0.587817998403,0.0,1.60943791243,0.951665622443,1.09861228867,0.587690073051
